algo_name,avg_faults,avg_fault_rate,avg_hits,avg_hit_rate,avg_evictions,min_frames,max_frames,faults_at_minF,faults_at_maxF,Δ% vs Ótimo_faults,Δ% vs Ótimo_hits
Envelhecimento,87.66666666666667,0.17533333333333334,412.3333333333333,0.8246666666666668,68.83333333333333,7,28,180,42,0.0,0.0
NRU,89.0,0.17800000000000002,411.0,0.8220000000000001,70.16666666666667,7,28,192,40,-1.5209125475285115,-0.3233629749393649
NFU,173.16666666666666,0.3463333333333333,326.8333333333333,0.6536666666666667,154.33333333333334,7,28,354,45,-97.52851711026614,-20.735650767987064
