algo_name,avg_faults,avg_fault_rate,avg_hits,avg_hit_rate,avg_evictions,min_frames,max_frames,faults_at_minF,faults_at_maxF,Δ% vs Ótimo_faults,Δ% vs Ótimo_hits
Ótimo,57.0,0.11399999999999999,443.0,0.886,38.166666666666664,7,28,113,33,0.0,0.0
LRU,83.83333333333333,0.16766666666666666,416.1666666666667,0.8323333333333333,65.0,7,28,177,44,-47.07602339181285,-6.057185854025579
FIFO,92.5,0.18499999999999997,407.5,0.815,73.66666666666667,7,28,196,43,-62.28070175438597,-8.01354401805869
