algo_name,avg_faults,avg_fault_rate,avg_hits,avg_hit_rate,avg_evictions,min_frames,max_frames,faults_at_minF,faults_at_maxF,Δ% vs Ótimo_faults,Δ% vs Ótimo_hits
NRU,33.166666666666664,0.6633333333333333,16.833333333333332,0.33666666666666667,14.5,7,28,42,27,0.0,0.0
NFU,33.333333333333336,0.6666666666666666,16.666666666666668,0.3333333333333333,14.666666666666666,7,28,43,27,-0.5025125628140846,-0.9900990099009761
Envelhecimento,34.166666666666664,0.6833333333333335,15.833333333333334,0.3166666666666667,15.5,7,28,45,27,-3.0150753768844223,-5.940594059405931
