algo_name,avg_faults,avg_fault_rate,avg_hits,avg_hit_rate,avg_evictions,min_frames,max_frames,faults_at_minF,faults_at_maxF,Δ% vs Ótimo_faults,Δ% vs Ótimo_hits
WorkingSet,83.83333333333333,0.16766666666666666,416.1666666666667,0.8323333333333333,65.0,7,28,177,44,0.0,0.0
WSClock,86.33333333333333,0.17266666666666666,413.6666666666667,0.8273333333333334,67.5,7,28,185,42,-2.9821073558648115,-0.6007208650380456
