algo_name,frames,faults,hits,evictions,hit_rate,fault_rate
FIFO,3,18,22,15,0.550000,0.450000
FIFO,5,16,24,11,0.600000,0.400000
Envelhecimento,3,18,22,15,0.550000,0.450000
Envelhecimento,5,15,25,10,0.625000,0.375000
WSClock,3,17,23,14,0.575000,0.425000
WSClock,5,16,24,11,0.600000,0.400000
LRU,3,18,22,15,0.550000,0.450000
LRU,5,15,25,10,0.625000,0.375000
